<?xml version="1.0" encoding="UTF-8"?>

<!--
    Author     : Jon Blower
    Last modified $Date: 2006-04-12 00:52:24 +0300 (Wed, 12 Apr 2006) $ by $Author: jonblower $
    Description:
        Config file for setting up Styx Grid Services
        Here's a useful DTD tutorial: http://www.zvon.org/xxl/DTDTutorial/General/contents.html
-->

<!DOCTYPE sgs SYSTEM "SGSconfig.dtd">

<sgs>

    <!-- Configuration of the server -->
    <server port="9092"/>
    
    <!-- The Styx Grid Services that will appear under this server -->
    <gridservices>
        
        <!-- On Windows NT, 2000 and XP we must run batch files via cmd.exe.
             On Windows 95 and 98, you must replace "cmd.exe" with "command.com".
             On other OSes you can delete "cmd.exe /C"-->
        <gridservice name="helloworld" command="cmd.exe /C JStyxRun uk.ac.rdg.resc.jstyx.gridservice.tutorial.HelloWorld"
                description="Prints Hello World to stdout">
            <outputs>
                <output type="stream" name="stdout"/>
                <output type="stream" name="stderr"/>
            </outputs>
        </gridservice>
        
        <gridservice name="condortest" type="condor" command="hellocondor"
                description="Test Condor job: prints Hello World to stdout">
            <outputs>
                <output type="stream" name="stdout"/>
                <output type="stream" name="stderr"/>
            </outputs>
        </gridservice>
        
        <!-- On Windows NT, 2000 and XP we must run batch files via cmd.exe.
             On Windows 95 and 98, you must replace "cmd.exe" with "command.com".
             On other OSes you can delete "cmd.exe /C"-->
        <gridservice name="reverse" command="cmd.exe /C JStyxRun uk.ac.rdg.resc.jstyx.gridservice.tutorial.Reverse"
                description="Reads lines of input and outputs them with characters reversed">
            <inputs>
                <input type="stream" name="stdin"/>
            </inputs>
            <outputs>
                <output type="stream" name="stdout"/>
                <output type="stream" name="stderr"/>
            </outputs>
        </gridservice>
        
        <!-- On Windows NT, 2000 and XP we must run batch files via cmd.exe.
             On Windows 95 and 98, you must replace "cmd.exe" with "command.com".
             On other OSes you can delete "cmd.exe /C"-->
        <gridservice name="reverse2" command="cmd.exe /C JStyxRun uk.ac.rdg.resc.jstyx.gridservice.tutorial.Reverse"
                description="Reads lines of input and outputs them with characters reversed">
            <params>
                <param name="inputfile" paramType="flaggedOption" flag="i" required="yes" description="Name of input file"/>
                <param name="outputfile" paramType="flaggedOption" flag="o" required="yes" description="Name of output file"/>
            </params>
            <inputs>
                <input type="fileFromParam" name="inputfile"/>
            </inputs>
            <outputs>
                <output type="fileFromParam" name="outputfile"/>
            </outputs>
        </gridservice>
        
        <!-- On Windows NT, 2000 and XP we must run batch files via cmd.exe.
             On Windows 95 and 98, you must replace "cmd.exe" with "command.com".
             On other OSes you can delete "cmd.exe /C"-->
        <gridservice name="replace" command="cmd.exe /C JStyxRun uk.ac.rdg.resc.jstyx.gridservice.tutorial.Replace"
                description="Replaces all instances of one string in a file with another">
            <params>
                <param name="stringToFind" paramType="unflaggedOption" required="yes" description="String to find"/>
                <param name="stringToReplace" paramType="unflaggedOption" required="yes" description="String to replace"/>
                <param name="verbose" paramType="switch" flag="v" longFlag="verbose" description="If set true, will print verbose output to stdout"/>
            </params>
            <inputs>
                <input type="file" name="input.txt"/>
            </inputs>
            <outputs>
                <output type="file" name="output.txt"/>
                <output type="stream" name="stdout"/>
                <output type="stream" name="stderr"/>
            </outputs>
        </gridservice>
        
        <gridservice name="javaversion" command="java -version"
                description="Prints Java version to stderr (for debugging)">
            <outputs>
                <output type="stream" name="stderr"/>
            </outputs>
        </gridservice>
        
    </gridservices>

</sgs>

