<?xml version="1.0" encoding="UTF-8"?>
<document>
  <properties>
    <author email="jdb@mail.nerc-essc.ac.uk">Jon Blower</author>
    <title>Overview</title>
  </properties>

  <body>
    <section name="What is JStyx?">
      <p>JStyx is a pure-Java implementation of the <a href="http://www.vitanuova.com/inferno/papers/styx.html">Styx</a>
      protocol for distributed systems. The JStyx libraries also include an implementation of the
      <a href="sgs/index.html">Styx Grid Services</a> (SGS) system for building stream-oriented services and workflows.
      </p>
    </section>
    
    <section name="What is Styx?">  
      <p><a href="http://www.vitanuova.com/inferno/papers/styx.html">Styx</a> is used in
      the <a href="http://www.vitanuova.com/inferno/">Inferno</a>
      and <a href="http://www.cs.bell-labs.com/plan9dist/">Plan9</a> operating systems.
      It is essentially a file-sharing protocol, similar in many respects to NFS.</p>
    </section>
    
    <section name="More information">
      <p>The <a href="faq.html">FAQs</a> are a good place to start for more information.
      To learn how to use the JStyx software, see the <a href="tutorial/index.html">tutorial</a>.
	  If you want to ask any questions, please use the <a href="mail-lists.html">mailing lists</a>.
        To report bugs or contribute to the Wiki, please see our <a href="/trac/jstyx">Trac site</a>.</p>
    </section>
  </body>
</document>
