<?xml version="1.0" encoding="UTF-8"?>
<project name="JStyx">

    <title>JStyx</title>

    <body>
        
        <breadcrumbs>
            <item name="Download" href="/downloads.html"/>
        </breadcrumbs>
        
        <links>
            <item name="ReSC" href="http://www.resc.rdg.ac.uk/"/>
            <item name="Inferno" href="http://www.vitanuova.com/inferno"/>
            <item name="PDF" href="jstyx.pdf" img="images/pdf.gif"/>
        </links>
        
        <sitemap/>

        <menu name="JStyx">
            <item name="Overview" href="/index.html"/>
            <item name="Downloads" href="/downloads.html"/>
            <item name="FAQs" href="/faq.html"/>
            <item name="Utilities" href="/utilities.html"/>
            <item name="Tutorial" href="/tutorial/index.html" collapse="true">
                <item name="1. First Styx system" href="/tutorial/FirstStyxSystem.html"/>
                <item name="2. Reading and writing" href="/tutorial/ReadingAndWriting.html"/>
                <item name="3. Custom files" href="/tutorial/CustomFiles.html"/>
                <item name="4. Next steps" href="/tutorial/NextSteps.html"/>
                <item name="5. Asynchronous files" href="/tutorial/AsyncFiles.html"/>
                <item name="6. Streams" href="/tutorial/Streams.html"/>
            </item>
        </menu>
        
        <menu name="Styx Grid Services">
            <item name="Overview" href="/sgs/index.html"/>
            <item name="Tutorial" href="/sgs/tutorial/index.html" collapse="true">
                <item name="Hello World" href="/sgs/tutorial/HelloWorld.html"/>
                <item name="More config options" href="/sgs/tutorial/furtherConfig.html"/>
                <item name="More complex services" href="/sgs/tutorial/moreComplex.html"/>
                <item name="Getting help" href="/sgs/tutorial/gettingHelp.html"/>
                <item name="Workflow and scripting" href="/sgs/tutorial/workflow.html"/>
                <item name="Advanced stuff" href="/sgs/tutorial/advanced.html"/>
                <item name="Security" href="/sgs/tutorial/security.html"/>
            </item>
            <item name="The configuration file" href="/sgs/config.html"/>
            <item name="The SGS namespace" href="/sgs/namespace.html"/>
        </menu>
		
        <menu name="JStyx References">
            <item name="JavaDocs" href="apidocs/index.html" target="_blank"/>
            <item name="Source code" href="xref/index.html" target="_blank"/>
            <item name="Trac site" href="/trac/jstyx"/>
            <item name="Sf.net site" href="http://sourceforge.net/projects/jstyx/"/>
        </menu>
        
        <search/>
        
        <powered-by>
          <item
            name="Hosted by SourceForge"
            href="http://sourceforge.net/projects/jstyx/"
            img="http://sourceforge.net/sflogo.php?group_id=16035&amp;type=1"/>
        </powered-by>
        
    </body>
    
</project>
